0.0,-0.154089053652,0.0433077309637,0.0433077309637,0.0433077309637,-0.154089053652,0.0433077309637,0.240711040713,-0.15408721651,0.0433081713788,0.0433077309637,0.0433077309637,-0.15408721651,0.0433081713788,0.0433077309637
0.0,-0.158353624606,0.0390419352439,0.0390521000232,0.0390419352439,0.0390419352439,0.0390419352439,0.0390521000232,-0.158351737049,0.0390419352439,0.0390419352439,0.0390521000232,-0.158353624606,0.0390419352439,-0.158353624606
0.0,-0.158402793292,0.0389907146916,0.0389911112264,0.0389911112264,0.0389907146916,0.0389911112264,0.0389911112264,-0.158400905146,0.0389911112264,0.0389911112264,0.0389911112264,-0.158400905146,0.0389911112264,-0.158402793292
0.0,-0.153797828469,0.0436028967266,0.0436033401402,0.0436028967266,0.0436033401402,-0.153795994778,0.240995534193,-0.153797828469,0.0436028967266,0.0436033401402,-0.153797828469,0.0436028967266,0.0436028967266,0.0436033401402
0.0,-0.158038747906,0.0393574398947,0.0393574398947,0.0393676045259,0.0393574398947,0.0393578401595,0.0393574398947,-0.158036864068,0.0393578401595,0.0393574398947,0.0393574398947,-0.158026927045,0.0393574398947,0.0393574398947
0.0,0.0417298179588,-0.155663461711,0.0417293935868,0.0417298179588,0.0417298179588,0.0417293935868,0.0417298179588,-0.155663461711,0.0417293935868,0.0417298179588,-0.155663461711,0.0417293935868,0.0417298179588,-0.155661605956
0.0,-0.156997657296,0.0403958331856,0.0403958331856,0.0404059973884,0.0403958331856,0.0403962440049,-0.15699578575,0.0403958331856,0.0404059973884,0.0403958331856,-0.15699578575,0.0403962440049,0.0403958331856,-0.15699578575
0.0,-0.156499821053,0.0408947010143,0.0408947010143,0.0408947010143,0.0408951169042,0.0408947010143,0.0408947010143,-0.156511644774,0.0408947010143,0.0408947010143,-0.156499821053,0.0408947010143,0.0408947010143,0.0408947010143
0.0,0.0399579518505,-0.157432635395,0.0399579518505,0.0399583582179,0.0399579518505,0.0399583582179,0.0399579518505,-0.157432635395,0.0399583582179,0.0399579518505,0.0399583582179,-0.157432635395,0.0399579518505,0.0399579518505
0.0,0.0424933684463,-0.154899912497,0.0424929363148,0.0424933684463,0.0424933684463,0.0424933684463,0.0424929363148,-0.154911739149,0.0424933684463,0.0424933684463,0.0424929363148,-0.154899912497,0.0424933684463,-0.154899912497
0.0,0.0421575437318,-0.155238444838,0.0421571150116,0.0421677072832,-0.155238444838,0.0421571150116,0.239555514979,-0.155238444838,0.0421571150116,0.0421575437318,0.0421571150116,-0.155226618821,0.0421575437318,0.0421571150116
0.0,-0.154789779718,0.0425954348798,0.0426051649862,0.0425950017084,0.0426051649862,0.0426051649862,0.0425954348798,-0.154789779718,0.0425950017084,0.0426055982607,0.0425950017084,-0.154789779718,0.0426051649862,-0.154803452078
0.0,0.0412610191764,-0.15613578157,0.0412716026853,0.0412614387875,0.0412610191764,0.0412614387875,0.0412614387875,-0.156123957165,0.0412610191764,0.0412614387875,0.0412614387875,-0.15613578157,0.0412711829711,-0.15613578157
0.0,0.0398156500324,-0.157590074295,0.0398156500324,0.039805485555,0.0398156500324,0.0398156500324,-0.157590074295,0.0398152451174,0.0398156500324,0.039805485555,0.0398156500324,-0.157590074295,0.237212680201,-0.157578252606
0.0,-0.153179894604,0.0442038354276,0.0442139980095,0.0442038354276,0.0442139980095,0.0442139980095,-0.153191724422,0.0442139980095,0.0442139980095,0.0442042849503,0.0442139980095,0.0442038354276,0.0442139980095,-0.153179894604
0.0,-0.148856210816,0.0485421114205,-0.148844373263,0.0485421114205,0.0485421114205,0.0485421114205,0.245939598335,0.0485421114205,0.0485421114205,0.0485421114205,0.245939598335,0.0485421114205,-0.148856210816,-0.148857986058
0.0,0.100061388872,-0.0973377543305,-0.0973377543305,0.1000603727,0.100061388872,0.100061388872,0.297462239377,0.297454303355,0.1000603727,0.297454303355,0.297462239377,0.480562669423,-0.0973377543305,0.100061388872
0.0,-0.295838250869,-0.112720654706,-0.112732548727,-0.112732548727,0.0846753539453,0.0846652178781,0.282063249169,0.282063249169,0.282063249169,0.465183425806,0.465168212016,0.282063249169,0.465173296151,0.0846753539453
0.0,-0.039870565051,-0.222991313533,-0.039870565051,-0.0398825255032,-0.039870565051,-0.039870565051,0.354908116925,0.354915181265,0.35491934099,0.538022858997,0.538038399666,0.538022858997,0.697940077248,0.697940077248
0.0,-0.195657351201,-0.195644030162,-0.195657351201,-0.0125328622519,-0.0125449814155,-0.0125328622519,0.184848658668,0.184856788137,0.565364451946,0.565364451946,0.725275843679,0.970248854451,0.725275843679,1.21523305516
0.0,0.0146636363397,-0.168435522065,-0.168448595748,-0.328347590115,-0.168448595748,0.0146636363397,0.0146757805982,0.212065268283,0.409457720583,0.592566944595,0.592576346166,0.997457578985,0.99746343168,1.24243882853
0.0,-0.274035501654,-0.27403856884,-0.433950358065,-0.274035501654,-0.433950358065,-0.274035501654,-0.27403856884,-0.0909297318872,0.106473775006,0.303856719371,0.303868140993,0.646886285188,0.891868058382,1.13684596873
0.0,-0.140412474518,-0.323521111097,-0.323521111097,-0.483440977453,-0.323517507982,-0.483440977453,-0.323521111097,-0.483436111923,-0.323521111097,0.0569769009545,0.0569864776315,0.437489901475,0.597403093095,0.842382536559
0.0,-0.463470205181,-0.280358216552,-0.46348034339,-0.463475272114,-0.463470205181,-0.623379152941,-0.623387651548,-0.868363259306,-0.463475272114,-0.463470205181,-0.280358216552,-0.280366407021,-0.0829604486428,0.114431147313
0.0,-0.127839938467,-0.325240532051,-0.325233014389,-0.325240532051,-0.508347965703,-0.668265636291,-0.668259150393,-0.668259150393,-0.913240300003,-0.508347965703,-0.668259150393,-0.668259150393,-0.508353482366,-0.325229189635
0.0,0.0555330317577,-0.141863966364,-0.14187259836,-0.339262071426,-0.339258087942,-0.339262071426,-0.682273904196,-0.682288628793,-0.682282028363,-0.92726932295,-0.682282028363,-0.92726932295,-1.17223529230,-0.92726932295
0.0,0.0684377104058,-0.128947761401,0.0684377104058,0.0684385289719,-0.326353409294,-0.128947761401,-0.326353409294,-0.509464226556,-0.509454331929,-0.669377349715,-0.914356012842,-1.15933048949,-0.914356012842,-1.31924779913
0.0,0.137368751729,0.137367112607,0.137368751729,0.137368751729,-0.0600335562911,0.137367112607,-0.0600234020939,-0.257424852093,-0.257421804659,-0.257424852093,-0.600445781203,-1.09040332284,-0.845431719689,-1.09040332284
0.0,0.22567736393,0.0282835897465,0.22567736393,0.225665697455,0.22567736393,0.22567736393,0.22567736393,0.22567736393,0.0282833020703,-0.169115903202,0.0282731336425,-0.352220180673,-0.75711994554,-1.00209217586
0.0,-0.089582686779,0.107824081152,0.305212029816,0.305208432921,0.305212029816,0.305212029816,0.488324567426,0.305208432921,0.488324567426,0.107813967679,0.305212029816,0.107812873071,0.107824081152,-0.432611015564
0.0,0.00071820149965,0.198111764917,0.000730162780359,0.198111764917,0.395508397126,0.395508397126,0.578625501048,0.578616012047,0.578625501048,0.395508397126,0.578625501048,0.578616012047,0.395519442972,0.395508397126
0.0,0.0120300168535,-0.171081457046,0.0120301608496,0.0120300168535,0.209423701845,0.209423701845,0.406820304466,0.406820304466,0.589935852113,0.749840911888,0.749840911888,0.589935852113,0.749840911888,0.994826840377
0.0,-0.195715143194,-0.195715143194,-0.195726260751,-0.0126046762268,-0.0126046762268,-0.0126048271017,0.184784924288,0.184796792715,0.565292313257,0.382184567269,0.565298384461,0.72520890477,0.970186054774,1.21516689071
0.0,-0.047814832663,-0.230934264384,-0.230936858584,-0.230925825471,-0.230934264384,-0.0478142605395,-0.047814832663,-0.0478262168108,0.149573519198,0.149575035077,0.530086301465,0.530080570985,0.934973198475,1.17995869453
0.0,-0.34545448616,-0.162354333213,-0.34545448616,-0.34545448616,-0.345465150476,-0.345458324152,-0.34545448616,-0.345465150476,-0.162342520665,-0.162342520665,0.0350412266365,0.232451191924,0.415547603749,0.820447282064
0.0,0.0125837745764,-0.184800880366,-0.184814846131,-0.367915955956,-0.367915955956,-0.367915955956,-0.367926531385,-0.527828067852,-0.367915955956,-0.367915955956,-0.367920032501,0.012583646572,0.0125837745764,0.393098876261
0.0,-0.0449165642177,-0.044906401962,-0.242313582081,-0.242301961812,-0.242316454291,-0.425405278496,-0.425420279695,-0.585340410169,-0.585325902233,-0.585334627123,-0.585331685236,-0.425420279695,-0.242301961812,-0.242313582081
0.0,-0.0343187069788,0.163070623389,-0.0343187069788,-0.0343187069788,-0.0343187069788,-0.231722600733,-0.414821420367,-0.414831793084,-0.414827225134,-0.819722128196,-0.574734929671,-0.819722128196,-0.574740619911,-0.819714241486
0.0,0.235020741451,0.0376270398541,0.235020741451,0.235023528841,0.0376266571846,0.235020741451,-0.159772459187,0.0376270398541,-0.342887471089,-0.159772459187,-0.50278772174,-0.747776588847,-0.747768677876,-0.992748770831
0.0,0.0812658222568,0.0812666480307,0.278649873888,0.278661382107,0.278661382107,0.278664674699,0.278661382107,0.0812565090103,0.0812658222568,-0.116129737593,-0.299243896063,-0.299240554856,-0.704139326056,-0.949104907941
0.0,-0.101897122768,0.0954922801954,0.0955024063803,0.292887657982,0.292895662202,0.292887657982,0.47600023196,0.0954922801954,0.292899118258,0.0954922801954,-0.101897122768,0.0954913102818,-0.444926396198,-0.689900335118
0.0,-0.290215960249,-0.107096127657,0.0902914979626,0.0902924152129,0.0902914979626,0.287688189913,0.287688189913,0.28770306438,0.470794508122,0.287688189913,0.287688189913,0.0902924152129,0.0902914979626,-0.290205100241
0.0,-0.0855458428434,-0.0855349392501,0.111855850544,-0.268659632676,0.111855850544,0.111856986037,0.111855850544,0.309243730073,0.492355447958,0.309255132263,0.309255132263,0.309243730073,0.309251489245,0.309243730073
0.0,-0.117528320854,-0.117540208244,-0.117528320854,-0.117540208244,-0.117528320854,0.0798575667833,-0.117528320854,0.0798575667833,0.0798685184504,0.277255591499,0.460368167772,0.277255591499,0.277255591499,0.620288424234
0.0,0.0794706168055,-0.117926220042,-0.117924811752,-0.301036320416,-0.117926220042,0.0794698092413,-0.301043784005,-0.117926220042,0.0794698092413,0.276869207119,0.0794706168055,0.459972832091,0.459977863502,0.619890523558
0.0,0.0804091921346,0.0804193318226,-0.116984970594,-0.116986367715,-0.300097184978,-0.116984970594,-0.116986367715,-0.116986367715,-0.116973082509,0.0804091921346,0.0804091921346,0.0804083750563,0.460925720432,0.460915569247
0.0,0.0784703898537,0.0784695924346,-0.11892691421,0.0784602485713,-0.118925494023,-0.11892691421,-0.11892691421,-0.302040391617,-0.11892691421,-0.11892691421,-0.11892691421,0.0784695924346,0.0784703898537,0.458964134871
0.0,0.312007210866,-0.0827833719065,0.114610364742,0.114610364742,0.114620470525,-0.0827953009155,-0.0827823821317,-0.0827833719065,-0.0827833719065,-0.0827833719065,-0.0827823821317,-0.0827833719065,-0.0827833719065,0.114620470525
0.0,0.107690417511,0.107701624521,0.107690417511,0.107701624521,0.107690417511,0.107701624521,-0.0897029766568,-0.0897040489657,0.107700531047,-0.272814866228,-0.0897029766568,-0.272814866228,-0.0896910548713,-0.0897040489657
0.0,-0.122350661928,0.075042187388,0.075042187388,-0.122350661928,0.272431446154,0.0750515685629,0.075042187388,-0.122362542381,0.0750523313124,0.075042187388,-0.305460213149,-0.122364003418,-0.305463621636,-0.122350661928
0.0,0.112286103779,0.11227599531,-0.0851015049692,0.11227599531,0.309682879605,0.112286103779,0.11227599531,0.112286103779,0.112286103779,-0.0851134316174,-0.0851134316174,-0.0851134316174,-0.268217312021,-0.0851134316174
0.0,0.10586942976,0.105870504715,-0.0915181835314,0.10586942976,0.303266181172,0.105870504715,0.10586942976,0.105870504715,0.10586942976,-0.0915181835314,0.105870504715,-0.274637971931,-0.0915181835314,-0.274637971931
0.0,-0.126053473931,0.071340079413,0.0713393543199,-0.126041598979,0.0713393543199,0.268728614306,-0.126054978804,0.0713495009596,0.268728614306,-0.126054978804,0.0713495009596,-0.126053473931,-0.126054978804,-0.126053473931
0.0,-0.121205938763,0.0761844036547,0.0761945466513,0.0761844036547,-0.121205938763,0.0761945466513,0.0761844036547,0.0761945466513,0.0761851778998,0.0761945466513,0.0761844036547,-0.121205938763,-0.12120449149,-0.304323671552
0.0,0.0757357871438,-0.121663248974,0.0757256437493,0.0757357871438,0.075735017462,0.0757256437493,-0.121663248974,0.0757357871438,0.0757357871438,0.0757256437493,-0.121663248974,-0.121663248974,0.0757357871438,-0.121663248974
0.0,0.0749602736075,-0.122435286242,0.0749501296463,0.0749602736075,0.0749602736075,0.0749602736075,-0.122436748148,-0.122435286242,0.0749501296463,0.0749602736075,0.0749602736075,-0.122435286242,0.0749602736075,-0.305556912449
0.0,0.0767867150656,0.0767867150656,-0.120601703157,0.0767867150656,0.0767960771987,0.0767867150656,-0.120603143269,-0.120613586105,0.0767867150656,0.0767968576432,0.0767859347233,-0.120603143269,-0.120613586105,-0.120603143269
0.0,0.0778579280864,0.0778579280864,-0.1195297087,0.0778571368809,-0.11954159329,0.0778579280864,0.0778579280864,-0.1195297087,0.0778579280864,0.0778571368809,0.0778579280864,-0.1195297087,-0.11954159329,-0.11954159329
0.0,0.0795618806133,0.0795618806133,0.0795517402558,-0.117829716909,0.0795618806133,-0.117841603881,0.0795610721296,0.0795618806133,-0.117841603881,0.0795618806133,-0.117841603881,0.0795618806133,-0.117829716909,-0.117841603881
0.0,0.0774498847729,0.0774389557357,-0.11995137835,0.0774498847729,0.0774490977049,-0.11995137835,0.0774498847729,-0.11995137835,0.0774397427015,0.0774490977049,-0.11995137835,0.0774498847729,-0.11995137835,-0.11995137835
0.0,0.0766642237848,0.0766735872485,-0.120735297023,0.0766642237848,0.07667436645,-0.120733855346,0.07667436645,0.0766642237848,-0.120735297023,0.0766735872485,-0.120735297023,0.07667436645,-0.120735297023,-0.120721972601
0.0,0.0788472083656,0.0788472083656,-0.118540899402,0.0788480096148,0.0788472083656,-0.118540899402,0.0788480096148,-0.11855278537,0.0788472083656,0.0788480096148,-0.118540899402,0.0788472083656,0.0788472083656,-0.301652956376
0.0,0.0846964865717,0.0846956260274,-0.112696866569,0.0846956260274,0.0846964865717,-0.112695520453,0.0846964865717,-0.112695520453,0.0846964865717,0.0846956260274,-0.112708760654,0.0846956260274,-0.112696866569,0.0846956260274
0.0,0.0870441291216,0.0870441291216,-0.110347904404,0.087054263108,0.0870441291216,-0.110347904404,0.0870441291216,-0.110347904404,0.0870441291216,0.0870441291216,-0.110347904404,0.0870441291216,-0.110347904404,0.0870441291216
0.0,0.0861664108788,0.0861765456855,-0.111226944856,0.0861756701441,0.0861664108788,-0.111226944856,0.0861765456855,-0.111226944856,0.0861655354393,0.0861765456855,-0.111226944856,0.0861765456855,-0.111226944856,0.0861655354393
0.0,0.0848485264924,0.084849388584,-0.112551446208,0.084849388584,0.0848485264924,-0.112540896254,0.0848485264924,-0.112552790615,0.0848485264924,0.084849388584,-0.112539551986,0.084849388584,-0.112551446208,-0.112539551986
0.0,0.0854407173353,0.0854415854296,-0.111961904474,0.0854407173353,-0.111961904474,0.282836031747,-0.111950009388,-0.111960567102,0.0854415854296,0.0854407173353,0.0854314499623,-0.111950009388,-0.111960567102,0.0854415854296
0.0,0.0836954085161,0.0836852716004,-0.113696187106,-0.113708079778,0.0836962589239,0.281089861532,-0.113708079778,-0.113696187106,0.0836852716004,0.0836954085161,0.0836954085161,-0.113709437944,0.0836954085161,-0.113708079778
0.0,-0.145614484427,0.0517810754231,0.0517912343339,-0.145612747594,-0.145614484427,0.0517810754231,0.0517810754231,-0.145602641078,0.0517805489182,0.0517810754231,0.0517810754231,-0.145602641078,0.0517805489182,-0.145614484427
0.0,-0.145600904382,0.051801393234,-0.145602641078,0.051801393234,0.051801393234,0.0518008665232,-0.145602641078,-0.145602641078,0.0518008665232,0.051801393234,0.0517912343339,-0.145590797687,-0.145600904382,0.051801393234
0.0,0.08315474845,0.0831437662202,-0.114239511639,0.0831539035365,0.0831446110317,-0.11423814717,0.08315474845,-0.114250039083,0.08315474845,0.0831437662202,-0.114239511639,0.0831539035365,0.0831446110317,-0.297354833111
0.0,0.0861765456855,0.0861858048311,-0.111226944856,0.0861866804745,0.0861765456855,-0.111215048813,0.0861756701441,-0.111215048813,0.0861765456855,0.0861866804745,-0.111215048813,0.0861765456855,-0.111213720327,0.0861765456855
0.0,-0.147356393485,0.0500391663651,0.0500290065717,-0.147356393485,-0.147356393485,0.0500391663651,0.0500391663651,-0.147368233715,0.0500391663651,0.0500391663651,-0.147356393485,0.0500391663651,0.0500290065717,-0.147356393485
0.0,-0.148287420026,0.0491125854035,-0.148287420026,0.0491024250899,0.0491120860079,0.0491125854035,-0.148287420026,-0.148289188535,0.0491019257973,0.0491125854035,0.0491120860079,-0.148289188535,-0.148287420026,0.0491125854035
0.0,-0.146834964231,0.0505588443099,-0.14683671554,0.050558330221,0.0505588443099,0.050558330221,-0.14683671554,-0.14683671554,0.05056848968,0.0505588443099,-0.14683671554,0.050558330221,0.0505588443099,-0.14683671554
0.0,-0.146279761715,0.0511186441773,-0.146279761715,0.0511186441773,0.0511191639597,0.0511186441773,-0.146279761715,-0.146279761715,0.0511186441773,0.0511191639597,-0.146278017005,0.0511191639597,0.0511186441773,-0.146279761715
0.0,-0.141707459967,0.0557027700897,0.0556926133841,-0.141707459967,0.0556931796292,-0.141695609961,0.0556926133841,0.0556931796292,-0.141707459967,-0.141695609961,0.0556926133841,0.0556931796292,0.0556926133841,-0.141707459967
0.0,-0.145638171002,0.0517607575694,-0.145650014228,0.0517602312703,0.0517607575694,0.0517505986265,-0.145638171002,-0.145638171002,0.0517602312703,-0.14563990815,0.249150482897,-0.145638171002,0.0517505986265,-0.145638171002
0.0,0.0901386145321,0.090148745742,-0.107253405375,0.0901386145321,0.0901386145321,0.090148745742,-0.1072653066,-0.107252124025,0.090148745742,0.0901395302368,0.0901386145321,-0.107252124025,-0.107253405375,0.090148745742
0.0,-0.144102800194,0.0532984272023,-0.1440909542,0.0532882691774,0.0532989691275,0.0532989691275,-0.144089235405,-0.144102800194,0.0532984272023,0.0532989691275,0.0532882691774,-0.1440909542,-0.144101081262,0.0532989691275
0.0,-0.147090634711,0.0502936692265,0.0503038288534,-0.147090634711,0.050304340358,0.0503038288534,-0.147102475445,-0.147090634711,0.0503038288534,0.0502936692265,0.050304340358,-0.147088880398,0.050304340358,-0.147102475445
0.0,-0.146195121842,0.0512004380076,0.0511999174017,-0.146195121842,0.0512004380076,-0.146195121842,0.0512004380076,0.0512004380076,-0.146193378134,0.0512105972161,0.0512004380076,-0.146195121842,-0.146195121842,0.0512004380076
0.0,-0.14612232435,0.0512715522443,0.0512613930994,-0.14612232435,0.0512715522443,0.0512715522443,-0.146134166751,-0.14612232435,0.0512715522443,0.0512720735813,0.0512715522443,-0.146134166751,-0.14612232435,0.0512715522443
0.0,0.0870846649597,0.0870754156811,-0.11031089489,0.0870855497157,0.087074531027,-0.110312212642,0.087074531027,-0.110312212642,0.0870846649597,-0.110324109927,0.0870846649597,0.0870846649597,0.0870754156811,-0.11031089489
0.0,0.0883712708432,0.0883823014975,-0.1090220888,0.0883721686362,0.0883823014975,0.0883712708432,-0.109023391214,-0.10901149224,0.0883712708432,0.0883721686362,-0.109023391214,0.0883814036026,-0.109023391214,0.0883721686362
0.0,0.0875138301646,0.0875045855854,-0.109877326235,0.0875036965793,0.0875138301646,0.0875045855854,-0.109877326235,-0.10989053668,0.0875138301646,0.0875036965793,-0.109878638827,0.0875036965793,0.0875138301646,-0.109889223947
0.0,0.0866555026527,0.0866563830565,-0.110733889841,0.0866563830565,0.0866555026527,0.0866563830565,-0.110745786586,-0.110732567071,0.0866563830565,-0.110744463676,0.284059365383,-0.110744463676,0.0866563830565,-0.110732567071
0.0,-0.142770538058,0.0546233186244,0.054622763247,-0.142772241225,0.0546233186244,-0.142770538058,0.0546233186244,-0.142772241225,0.054622763247,-0.142772241225,0.0546233186244,0.054622763247,-0.142772241225,0.0546233186244
0.0,-0.143075261288,0.0543174871846,0.0543174871846,-0.143073554523,0.0543174871846,-0.143073554523,0.0543174871846,-0.143075261288,0.0543174871846,-0.143085402139,0.0543276447041,0.0543174871846,-0.143085402139,0.0543276447041
0.0,0.088432965531,0.088432965531,-0.108962594319,0.088432965531,0.0884338639534,0.088432965531,-0.108962594319,-0.108962594319,0.088432965531,0.088432965531,0.088432965531,-0.108963896033,-0.108962594319,0.088432965531
0.0,0.086217084735,0.0862069499993,-0.111178032429,0.0862069499993,0.086217960702,0.0862069499993,-0.111178032429,-0.111191256634,0.086217084735,0.0862069499993,-0.111178032429,0.0862069499993,-0.111179360497,0.086217084735
0.0,0.0847978469554,0.0848088445814,0.0847978469554,-0.11260036774,0.0848079828977,0.0847978469554,-0.11260036774,-0.11258712868,0.084798708537,-0.11258712868,0.282188214066,-0.112588473507,0.0847978469554,-0.112588473507
0.0,0.0900566493136,0.0900575641853,-0.107348614314,0.0900575641853,0.0900566493136,0.0900566493136,-0.107349896815,-0.107336713304,0.0900575641853,-0.107336713304,0.287438251603,-0.107337995665,0.0900566493136,-0.107337995665
0.0,0.090926052108,0.0909149979289,-0.106469583394,0.0909251284351,0.0909149979289,0.0909251284351,-0.10647085543,-0.10647085543,0.0909149979289,0.0909251284351,0.0909251284351,-0.10648275765,-0.10647085543,0.0909251284351
0.0,-0.141236854609,0.0561513663723,0.0561615228667,-0.141235169632,0.0561513663723,-0.141236854609,0.0561615228667,-0.141247020332,0.0561615228667,0.0561513663723,0.0561615228667,-0.141236854609,0.0561513663723,-0.141235169632
0.0,-0.143170042189,0.0542159113725,0.0542255176611,-0.143183597662,0.0542255176611,-0.143183597662,0.0542255176611,-0.143183597662,0.0542255176611,-0.143171750094,0.251609484489,-0.143170042189,0.0542159113725,0.0542255176611
0.0,-0.142445526614,0.0549590652323,0.0549596240267,-0.142443827321,0.0549596240267,-0.142445526614,0.0549590652323,-0.142445526614,0.0549590652323,-0.142445526614,0.0549590652323,0.0549494667954,0.0549590652323,-0.142445526614
0.0,-0.141768400664,0.0556316729087,0.0556316729087,-0.141768400664,0.0556316729087,-0.141766709393,0.0556215161225,-0.141756550721,0.0556215161225,0.0556316729087,0.0556316729087,-0.141768400664,0.0556316729087,-0.141768400664
0.0,-0.144150183764,0.0532380201961,0.0532476369681,-0.144162029554,0.0532476369681,-0.144151903286,0.0532374788882,-0.144150183764,0.0532374788882,0.0532481783788,0.0532374788882,-0.144150183764,0.0532374788882,-0.144151903286
0.0,-0.142311792153,0.0550916669996,0.0550916669996,-0.142311792153,0.0550922271425,-0.142311792153,0.0550916669996,-0.142299943192,0.0550815099161,0.0550916669996,0.0550916669996,-0.142311792153,0.0550922271425,-0.142311792153
0.0,0.0891273834548,0.0891273834548,-0.108264640902,0.0891375155751,0.0891273834548,-0.108264640902,0.0891273834548,-0.108264640902,0.0891273834548,0.089128288913,0.0891273834548,-0.108264640902,-0.108264640902,0.0891273834548
0.0,-0.141345196965,0.0560599574012,0.0560492309235,-0.141333346309,0.0560492309235,-0.141333346309,0.0560492309235,-0.141345196965,0.056059387431,-0.141345196965,0.253453085734,-0.141331660192,0.056049800791,-0.141345196965
0.0,0.086482338879,0.0864933520935,-0.110913662607,0.086482338879,0.086482338879,0.0864933520935,-0.110913662607,-0.110913662607,0.086482338879,0.0864933520935,0.086482338879,-0.110913662607,-0.110913662607,0.0864924733385
0.0,0.0876971225593,0.087687880055,-0.10969754633,0.087687880055,0.0876980135194,0.0876971225593,-0.109709444372,-0.10969754633,0.087687880055,0.0876980135194,0.0876971225593,-0.109709444372,-0.10969754633,0.087687880055
0.0,0.0871159517117,0.0871159517117,-0.110287100505,0.0871159517117,0.0871159517117,-0.110275203265,0.087105817731,-0.110275203265,0.0871159517117,-0.110287100505,0.0871159517117,0.08711506665,-0.110276520597,0.0871049327711
0.0,-0.144404104146,0.0529931428503,0.0529931428503,-0.144404104146,0.0529931428503,-0.144404104146,0.0529829845991,-0.144392258759,0.0529829845991,-0.144405826676,0.250384298349,-0.144405826676,0.0529931428503,-0.144404104146
0.0,0.0893834050188,0.0893926288425,-0.108012154831,0.089382496978,0.0893935369852,-0.108010864448,0.089382496978,-0.108000254525,0.089382496978,0.0893834050188,0.0893926288425,-0.108012154831,-0.108010864448,0.0893834050188
0.0,-0.145118486796,0.0522799125591,0.0522906028322,-0.145116755837,0.0522804441394,-0.145116755837,0.0522804441394,-0.145106642586,0.0522799125591,-0.145118486796,0.249681764745,-0.145116755837,0.0522804441394,-0.145118486796
0.0,0.0887903070235,0.0887903070235,-0.108613618284,0.0887912090657,0.0887903070235,-0.108601718818,0.0887801745861,0.0887903070235,-0.108601718818,0.0887903070235,0.0887810765265,-0.108600421424,-0.108601718818,0.0887810765265
0.0,-0.145917516246,0.0514854153358,0.0514752563108,-0.145917516246,0.0514854153358,0.0514752563108,-0.145915775818,-0.145917516246,0.0514854153358,0.0514752563108,0.0514859388451,-0.145915775818,0.0514752563108,-0.145917516246
0.0,0.0873093809512,0.0873102679852,-0.110082213075,0.0873093809512,0.0873102679852,-0.110082213075,-0.110095425708,0.0873093809512,0.0873102679852,0.0873093809512,0.0873093809512,-0.110083528107,-0.110082213075,0.0873102679852
0.0,0.088545324345,0.088545324345,-0.10884230275,0.088545324345,0.088545324345,0.0885462239061,-0.10884230275,-0.108854201877,0.0885554569985,0.088545324345,0.088545324345,-0.10884230275,-0.108854201877,0.088545324345
0.0,0.091334044402,0.0913441745462,-0.106061093057,0.0913331166021,0.0913441745462,-0.106061093057,0.091334044402,-0.106061093057,0.0913441745462,0.091334044402,0.0913331166021,-0.106050457383,-0.106061093057,0.0913331166021
0.0,-0.142323641074,0.0550815099161,0.0550713528212,-0.142323641074,0.0550815099161,-0.142325338952,0.0550713528212,-0.142311792153,0.0550713528212,-0.142323641074,0.252477629806,-0.142323641074,0.0550713528212,-0.142311792153
0.0,-0.141428150435,0.0559679784476,-0.141441688167,0.0559679784476,0.0559679784476,0.0559679784476,-0.141441688167,-0.141428150435,0.0559679784476,-0.141429837694,0.25335438179,-0.141429837694,0.0559679784476,-0.141428150435
0.0,-0.141973230893,0.055427971446,0.055427971446,-0.141973230893,0.055427971446,0.055427971446,-0.141974924622,-0.141961381357,0.0554178145334,-0.141961381357,0.055427971446,0.0554178145334,0.055427971446,-0.141973230893
0.0,-0.14159911917,0.0557845904913,0.0557947471962,-0.141610969359,0.0557947471962,0.0557947471962,-0.141610969359,-0.14159911917,0.0557845904913,-0.141597429906,0.253183148667,-0.141597429906,0.0557845904913,-0.14159911917
0.0,0.0921924022379,0.0921813364516,-0.105207125565,0.0921813364516,0.0921924022379,-0.105205868569,0.0921822728472,-0.105205868569,0.0921924022379,0.0921813364516,0.0921914657407,-0.105219029405,-0.105207125565,0.0921914657407
0.0,0.0906396256051,0.0906387048381,0.0906396256051,-0.106759051218,0.0906396256051,0.0906285741141,-0.106747149416,-0.106760326706,0.0906285741141,-0.106747149416,0.0906294947793,0.0906387048381,0.0906396256051,-0.106759051218
0.0,-0.14389626309,0.053492515351,-0.14389626309,0.053492515351,0.0535021293669,-0.143909825976,0.0535021293669,-0.14389626309,0.053492515351,-0.14389626309,0.25089238694,-0.143909825976,0.0535021293669,-0.143908109323
0.0,0.0897094414588,0.0897094414588,-0.107686976069,0.0897094414588,0.0897094414588,-0.107686976069,-0.107686976069,0.0897094414588,0.0897094414588,-0.107686976069,0.0897094414588,0.0897094414588,-0.107686976069,0.0897094414588
0.0,-0.142420129969,0.0549799384552,-0.142421828988,0.0549692223494,0.0549799384552,-0.142420129969,0.0549799384552,-0.142420129969,0.0549697812466,-0.142420129969,0.252375935622,-0.142421828988,0.0549692223494,-0.142409980114
0.0,-0.140354888294,0.0570271013513,0.057037837151,-0.140354888294,0.0570372572518,0.057037837151,-0.140365065993,-0.140354888294,0.057037837151,-0.140365065993,0.25444011578,-0.140365065993,0.057037837151,-0.140353213763
0.0,-0.141055721467,0.0563449106412,0.056334754253,-0.141054038634,0.0563449106412,-0.141054038634,0.056334754253,-0.141055721467,0.0563449106412,-0.141054038634,0.253737609836,-0.141054038634,0.0563449106412,-0.141055721467
0.0,0.0907722467508,0.090782377417,-0.106614953812,0.0907722467508,0.0907814552064,0.0907722467508,-0.106614953812,-0.106626855807,0.090782377417,-0.106614953812,0.0907722467508,0.090771324642,-0.106616227589,0.0907814552064
0.0,-0.143315627833,0.0540731535547,0.05408331124,-0.143315627833,0.0540731535547,0.0540827613484,-0.143327475053,-0.143317337469,0.0540827613484,-0.143327475053,0.251475999435,-0.143315627833,0.05408331124,-0.143315627833
0.0,0.0896587832813,0.0896587832813,-0.107746479182,0.0896587832813,0.0896587832813,0.0896477408652,-0.107734578621,-0.107735865723,0.0896477408652,0.0896587832813,0.0896587832813,-0.107734578621,-0.107746479182,0.0896587832813
0.0,-0.145033846471,0.0523515547621,0.0523515547621,-0.145033846471,0.0523510224614,-0.145033846471,0.0523515547621,-0.145033846471,0.0523510224614,-0.145033846471,0.249757273229,-0.145045690789,0.0523611809757,-0.145045690789
0.0,-0.143919955516,0.0534818135416,-0.143921672306,0.0534716556124,0.0534721992978,-0.143908109323,0.0534721992978,-0.143919955516,0.0534721992978,-0.143908109323,0.250869196452,-0.143919955516,0.0534721992978,-0.143919955516
0.0,-0.144258515169,0.0531257392846,0.0531358974853,-0.144258515169,0.0531358974853,0.0531257392846,-0.144258515169,-0.144260235969,0.0531353572174,-0.144272081667,0.25053532277,-0.144258515169,0.0531257392846,-0.144258515169
0.0,0.0903126774641,0.0903218910062,-0.107085505646,0.0903117600102,0.0903126774641,0.0903218910062,-0.107085505646,-0.107084226286,0.0903218910062,0.0903126774641,0.0903126774641,-0.107084226286,-0.107072324885,0.0903126774641
0.0,-0.141211468112,0.0561818358206,0.0561919922802,-0.141211468112,0.0561824070364,0.0561919922802,-0.141211468112,-0.141211468112,0.0561818358206,-0.141211468112,0.253589554148,-0.141211468112,0.0561818358206,-0.141211468112
0.0,-0.141006634141,0.0563956924071,0.0563962657939,-0.140993100813,0.0563861093611,0.0563956924071,-0.140994782918,-0.141006634141,0.0563956924071,0.0563956924071,0.0563956924071,-0.141006634141,0.0563956924071,-0.140994782918
0.0,-0.141793792015,0.05559048049,0.0556012025158,-0.141792100429,0.0556012025158,0.0555910456952,-0.141792100429,-0.141793792015,0.0556006372078,0.0555910456952,0.0556012025158,-0.141792100429,0.0556012025158,-0.141803950251
0.0,-0.139205476116,0.0581889384955,0.0581895300937,-0.13921566928,0.0581895300937,0.0581889384955,-0.139205476116,-0.139205476116,0.0581889384955,0.0581895300937,0.0581889384955,-0.139217330312,0.0581889384955,-0.139205476116
0.0,-0.13909546731,0.0583012384647,0.0582910832184,-0.139097126925,0.0583012384647,0.0583012384647,-0.13909546731,-0.139097126925,0.0583012384647,0.0582910832184,0.0583012384647,-0.13909546731,0.0583012384647,-0.139097126925
0.0,-0.139687945821,0.0577104540813,0.0576997118201,-0.139689612462,0.0577104540813,0.0576997118201,-0.139689612462,0.0577098673499,-0.139689612462,-0.139687945821,0.0577002984486,0.0577098673499,0.0577002984486,-0.139687945821
0.0,-0.140800118341,0.0565993919998,0.0565999674547,-0.140800118341,0.0565993919998,-0.140801798165,0.0565993919998,0.0565999674547,-0.140800118341,-0.140788266854,0.0565999674547,0.0565993919998,0.0565898111524,-0.140788266854
0.0,-0.139591452444,0.0578120097515,0.0578120097515,-0.139591452444,0.0578125975227,-0.139579598919,0.0578018542382,-0.139579598919,0.0578024419066,0.0578120097515,-0.139579598919,0.0578018542382,0.0578120097515,-0.139581264281
0.0,0.0892913093693,0.0892913093693,-0.108095456116,0.0892913093693,0.0892904022634,-0.108096747509,0.0892904022634,-0.10810864771,0.0893005341916,0.0892913093693,0.0892913093693,-0.108095456116,-0.108107356176,0.0892913093693
0.0,-0.140426001907,0.0569763216721,0.0569667448806,-0.140426001907,0.056966165701,-0.140414149737,0.0569667448806,0.056966165701,-0.140426001907,-0.140414149737,0.0569667448806,0.056966165701,0.0569769009545,-0.140426001907
0.0,0.0912115546265,0.0912207582328,-0.106181387152,0.0912115546265,0.0912216848944,-0.106181387152,0.0912216848944,-0.106181387152,0.0912106280666,-0.106182655766,0.288612284124,-0.106181387152,0.0912207582328,-0.106182655766
0.0,-0.141974924622,0.0554178145334,0.0554178145334,-0.141985080389,0.0554178145334,-0.141973230893,0.0554178145334,-0.141973230893,0.0554178145334,0.0554178145334,0.0554178145334,-0.141973230893,0.0554178145334,-0.141985080389
0.0,-0.141731159857,0.0556722999383,0.0556621431981,-0.141721000652,0.0556621431981,0.0556722999383,-0.141732850715,-0.141719309932,0.0556621431981,0.0556728659777,0.0556621431981,-0.141719309932,0.0556621431981,-0.141721000652
0.0,-0.13921566928,0.0581793747152,0.0581889384955,-0.139217330312,0.0581787832197,0.0581793747152,-0.139217330312,-0.13921566928,0.0581895300937,0.0581787832197,0.0581787832197,-0.139217330312,0.0581793747152,-0.139217330312
0.0,-0.13832350707,0.0590754040831,0.0590658498436,-0.138321856628,0.0590760046828,0.0590652493466,-0.13832350707,0.0590754040831,-0.13832350707,-0.138321856628,0.25647257668,-0.138333712174,0.0590760046828,0.0590754040831
0.0,-0.141260556244,0.0561304826587,0.0561310533487,-0.141260556244,0.0561310533487,-0.141260556244,0.0561310533487,0.0561304826587,-0.141260556244,0.0561310533487,0.0561412098663,-0.141272407002,0.0561412098663,-0.141270721612
0.0,-0.139325678615,0.0580670743934,0.0580664840406,-0.139327340966,0.0580766393456,0.0580670743934,-0.139325678615,0.0580670743934,-0.139325678615,-0.139325678615,0.0580670743934,0.0580670743934,0.0580664840406,-0.139327340966
0.0,-0.140752712153,0.0566400166805,0.0566507487903,-0.140752712153,0.0566405925466,0.0566400166805,-0.140752712153,0.0566405925466,-0.140752712153,0.0566501728214,0.0566405925466,-0.140752712153,0.0566400166805,-0.140752712153
0.0,-0.14152632876,0.0558658438076,0.0558658438076,-0.14152632876,0.0558765685279,0.0558658438076,-0.14152632876,-0.14152632876,0.0558658438076,-0.14152632876,0.0558664118124,0.0558658438076,0.0558760004202,-0.14152632876
0.0,-0.142553864512,0.0548473361957,0.0548473361957,-0.142542015944,0.0548473361957,-0.142553864512,0.0548473361957,0.0548473361957,-0.142553864512,0.0548467785441,0.0548473361957,-0.142542015944,0.0548473361957,-0.142553864512
0.0,-0.13936290308,0.0580258627005,0.0580264526422,-0.13936290308,0.0580258627005,-0.13936290308,0.0580258627005,0.0580264526422,-0.139361240316,-0.13937475704,0.255430151702,-0.13937475704,0.0580360180535,0.0580264526422
0.0,-0.142095114294,0.0552953684782,0.0552953684782,-0.142095114294,0.0552953684782,-0.142106963663,0.0553055254252,0.0552959306895,-0.142105268381,-0.142095114294,0.252698219575,-0.142105268381,0.0552959306895,0.0552953684782
0.0,-0.140051882084,-0.140051882084,0.0573532504991,0.0573436777661,0.0573430947591,0.0573538336089,-0.140051882084,-0.140050211153,0.0573436777661,0.0573430947591,0.0573538336089,-0.140051882084,0.0573430947591,-0.140051882084
0.0,-0.141319809634,0.0560701139999,0.0560695439268,-0.141333346309,0.0560695439268,0.0560701139999,-0.141319809634,0.0560701139999,-0.141331660192,0.0560701139999,-0.141319809634,0.0560701139999,0.0560695439268,-0.141333346309
0.0,-0.140087440391,0.0573227832436,0.0573132101667,-0.140087440391,0.0573126274681,0.0573132101667,-0.140075587661,-0.140087440391,0.0573126274681,0.0573126274681,0.0573132101667,-0.140075587661,0.0573126274681,-0.140087440391
0.0,-0.140388770335,0.0569972130671,0.0569972130671,-0.140388770335,0.0569972130671,0.0569972130671,-0.140388770335,-0.140402297528,0.0569972130671,0.0570067895149,0.0569972130671,-0.140390445279,0.0569966335791,-0.140402297528
0.0,-0.141260556244,0.0561412098663,0.0561304826587,-0.141260556244,0.0561310533487,0.0561412098663,-0.141260556244,-0.141258870992,0.0561310533487,0.0561412098663,0.0561310533487,-0.141260556244,0.0561412098663,-0.141258870992
0.0,-0.140341361493,0.0570581491223,0.0570581491223,-0.140341361493,0.0570581491223,-0.140341361493,0.0570581491223,-0.140341361493,0.0570581491223,0.0570581491223,0.0570479931426,-0.140329509183,0.0570479931426,-0.140341361493
0.0,-0.141538179051,0.0558460983469,0.0558556871834,-0.141550029302,0.0558556871834,0.0558562550854,-0.141550029302,0.0558556871834,-0.141550029302,-0.141538179051,0.253255677682,-0.141550029302,0.0558556871834,-0.141550029302
0.0,-0.140219490696,0.0571907572393,0.0571806013101,-0.140219490696,0.0571806013101,-0.140207638265,0.0571806013101,0.0571806013101,-0.140219490696,0.0571806013101,0.0571806013101,-0.140207638265,0.0571806013101,-0.140219490696
0.0,-0.141175915532,0.0562326180025,0.0562224615893,-0.141175915532,0.0562224615893,-0.141164064593,0.0562224615893,0.0562230332164,-0.141162380481,-0.141175915532,0.253624315517,-0.141175915532,0.0562224615893,-0.141164064593
0.0,-0.141296108398,0.0561005837264,0.0561005837264,-0.141296108398,0.0561000133449,-0.141297794103,0.0561000133449,0.0561005837264,-0.141296108398,-0.141296108398,0.0560904271625,0.0561005837264,0.0561000133449,-0.141297794103
0.0,-0.141331660192,0.0560701139999,0.0560695439268,-0.141333346309,0.0560695439268,0.0560701139999,-0.141331660192,0.0560701139999,-0.141331660192,-0.141321495614,0.0560695439268,0.0560599574012,0.0560695439268,-0.141321495614
0.0,-0.140872907079,0.0565282983587,0.0565282983587,-0.140874587767,0.0565282983587,0.0565181420776,-0.140872907079,-0.140861055693,0.0565181420776,-0.140861055693,0.253911844375,-0.140861055693,0.0565181420776,0.0565282983587
0.0,-0.143158194718,0.0542463842338,0.054245832685,-0.143159902486,0.054245832685,-0.143158194718,0.0542463842338,-0.143158194718,0.0542463842338,-0.143158194718,0.251635650826,-0.143146347206,0.0542356751787,0.0542463842338
0.0,-0.143376573849,0.0540122072081,0.054021815686,-0.143376573849,0.054021815686,-0.143388421003,0.054021815686,0.0540223649604,-0.143376573849,0.0540116580366,0.0540223649604,-0.143374863526,0.0540122072081,-0.143376573849
0.0,-0.140644367906,0.0567421544573,0.0567421544573,-0.140644367906,0.056752310584,-0.140656219734,0.056752310584,-0.140656219734,0.056752310584,0.0567421544573,0.0567421544573,-0.140644367906,0.0567421544573,-0.140644367906
0.0,-0.139469587295,0.0579243085118,0.0579243085118,-0.139459397557,0.0579243085118,-0.139471251338,0.0579243085118,0.0579243085118,-0.139471251338,-0.139469587295,0.0579344639845,0.0579243085118,0.0579243085118,-0.139471251338
0.0,-0.142638504935,0.0547553637839,0.0547553637839,-0.142638504935,0.0547660778534,-0.142638504935,0.0547553637839,-0.142638504935,0.0547559205097,-0.142638504935,0.0547553637839,0.0547655210247,0.0547559205097,-0.142638504935
0.0,0.0904554300374,0.0904554300374,-0.106940129813,0.0904554300374,0.0904655609764,-0.106940129813,0.0904554300374,-0.106940129813,0.0904554300374,-0.106940129813,0.287847591738,-0.106940129813,0.0904554300374,-0.106940129813
0.0,-0.140148375515,0.057261848413,0.0572516925665,-0.140148375515,0.057261848413,0.0572516925665,-0.140148375515,-0.140136522846,0.0572516925665,-0.140146703443,0.254652118847,-0.140136522846,0.0572516925665,-0.140148375515
0.0,-0.142602959544,0.0547858354725,0.0547863925069,-0.142613106749,0.0547965498167,0.0547858354725,-0.142614808048,-0.142602959544,0.0547858354725,0.0547863925069,0.0547858354725,-0.142602959544,0.0547863925069,-0.142601258382
0.0,-0.140522494331,0.0568747614316,0.0568747614316,-0.140522494331,0.0568747614316,-0.140522494331,0.0568747614316,0.0568646053429,-0.140510642341,0.0568646053429,0.0568747614316,-0.140522494331,0.0568747614316,-0.140524170869
0.0,-0.139786106694,0.0575981558669,0.0576083115158,-0.139784438912,0.0576083115158,-0.139797959961,0.0576083115158,0.0576083115158,-0.139797959961,0.0576083115158,0.0576083115158,-0.139796292041,0.0576083115158,-0.139786106694
0.0,-0.139520330704,0.0578830980105,0.0578735309687,-0.13951866607,0.0578836865013,-0.13951866607,0.0578735309687,-0.13951866607,0.0578836865013,0.0578735309687,0.0578830980105,-0.139520330704,0.0578729425808,-0.139520330704
0.0,-0.140569901891,0.0568239808708,0.0568341370064,-0.140569901891,0.0568239808708,-0.140571578979,0.0568335591751,0.0568239808708,-0.140571578979,-0.140571578979,0.254228115555,-0.140571578979,0.0568239808708,-0.140569901891
0.0,-0.142179755183,0.0552141124912,0.0552135511141,-0.142179755183,0.0552242695295,-0.142178059035,0.0552141124912,0.0552141124912,-0.142179755183,-0.142178059035,0.25261110541,-0.142179755183,0.0552141124912,0.0552242695295
0.0,-0.1409101421,0.0564876731641,0.0564870988519,-0.1409101421,0.0564876731641,-0.1409101421,0.0564769426269,0.0564876731641,-0.1409101421,-0.140908460998,0.253885665141,-0.1409101421,0.0564876731641,-0.140908460998
0.0,-0.140921993464,0.0564673604968,0.0564673604968,-0.140932163412,0.0564673604968,0.0564775168363,-0.140933844789,0.0564667863902,-0.140921993464,0.0564673604968,0.0564673604968,-0.140921993464,0.0564667863902,-0.140933844789
0.0,-0.141538179051,0.0558658438076,0.0558664118124,-0.141538179051,0.0558658438076,0.0558658438076,-0.141538179051,-0.14152632876,0.0558562550854,0.0558658438076,-0.141538179051,0.0558658438076,0.0558664118124,-0.141538179051
0.0,-0.141864891173,0.0555301045307,0.0555295399425,-0.141864891173,0.0555301045307,0.0555295399425,-0.141864891173,0.0555301045307,-0.141863198762,0.0555301045307,0.0555301045307,-0.141863198762,0.0555301045307,-0.141864891173
0.0,-0.139711652395,0.0576901428041,0.0576895562783,-0.139713319311,0.0576901428041,0.0576895562783,-0.139713319311,-0.139699799128,0.0576799871477,0.0576895562783,0.0576901428041,-0.139713319311,0.0576895562783,-0.139701465906
0.0,-0.14278408944,0.0546126059509,0.0546131612254,-0.14278408944,0.0546126059509,-0.14278408944,0.0546131612254,0.0546126059509,-0.14278408944,-0.14278408944,0.252004301855,-0.142772241225,0.0546131612254,-0.14278408944
0.0,-0.140292278213,0.0570886169909,0.0570987729235,-0.140293952016,0.0570987729235,0.0570886169909,-0.140293952016,-0.140304130504,0.0570993534514,0.0570987729235,0.0570987729235,-0.140293952016,0.0570886169909,-0.140292278213
0.0,-0.139108981338,0.0583012384647,0.0582910832184,-0.139107321585,0.0582910832184,-0.139097126925,0.0582910832184,0.0582910832184,-0.139108981338,-0.13909546731,0.255679931579,-0.13909546731,0.0582910832184,0.0582910832184
0.0,-0.142106963663,0.0552750545499,0.0552852115198,-0.142106963663,0.0552852115198,-0.142118812992,0.0552852115198,0.0552852115198,-0.142118812992,-0.142106963663,0.252675039739,-0.142105268381,0.0552857736282,-0.142117117572
0.0,-0.143256391128,0.0541340994992,0.0541340994992,-0.14325468222,0.0541340994992,-0.143256391128,0.0541340994992,0.0541340994992,-0.14325468222,-0.143256391128,0.251522373143,-0.143256391128,0.0541340994992,0.0541442571175
0.0,-0.142457375367,0.0549393095528,0.054928593813,-0.142457375367,0.0549387509641,0.0549393095528,-0.142457375367,-0.142455675936,0.0549291522988,-0.142457375367,0.252338174437,-0.14246922408,0.0549387509641,0.0549393095528
0.0,-0.142299943192,0.0551018240718,0.0551018240718,-0.142288094191,0.0551018240718,0.0551018240718,-0.142299943192,-0.142288094191,0.0551023843175,0.0551018240718,0.0551018240718,-0.142299943192,0.0551018240718,-0.142288094191
0.0,-0.141841191614,0.0555504182981,0.0555498535042,-0.141853041414,0.0555504182981,-0.141839499478,0.0555504182981,0.0555504182981,-0.141839499478,-0.141853041414,0.252944979623,-0.141841191614,0.0555498535042,0.0555504182981
0.0,-0.140463233987,0.056935697717,0.056935697717,-0.140451381799,0.056935697717,-0.140461558177,0.0569362765882,0.056935697717,-0.140449706126,-0.140463233987,0.056935697717,0.056935697717,0.0569362765882,-0.140461558177
0.0,-0.141682069648,0.0557134932347,0.0557134932347,-0.141682069648,0.0557134932347,0.0557129267839,-0.141683759915,0.0557134932347,-0.141682069648,-0.141683759915,0.253107621219,-0.141682069648,0.0557134932347,-0.141683759915
0.0,-0.141780250566,0.0556215161225,0.0556215161225,-0.141768400664,0.0556215161225,0.0556113593249,-0.141766709393,-0.141780250566,0.0556215161225,0.0556215161225,0.0556215161225,-0.141780250566,0.0556215161225,-0.141768400664
0.0,-0.140280425882,0.0571089288443,0.057109509475,-0.140292278213,0.0571089288443,-0.140282099548,0.0571089288443,0.0571089288443,-0.140293952016,0.0571089288443,0.0571089288443,-0.140280425882,0.057109509475,-0.140292278213
0.0,-0.139821666374,0.057567688849,0.0575778445335,-0.139821666374,0.057567688849,0.057567688849,-0.139821666374,0.0575778445335,-0.139821666374,-0.139833519522,0.0575778445335,0.0575671035686,0.0575778445335,-0.139821666374
0.0,-0.14238458364,0.0550002528383,0.0550098507042,-0.1423981312,0.0550098507042,0.0550002528383,-0.14238458364,-0.14238458364,0.0550002528383,0.0550104100128,0.0549996936325,-0.14238458364,0.0550002528383,-0.14238458364
0.0,-0.141248705446,0.0561513663723,0.0561412098663,-0.141247020332,0.0561513663723,-0.141248705446,0.0561513663723,0.0561412098663,-0.141247020332,-0.141248705446,0.0561513663723,0.0561513663723,0.0561412098663,-0.141247020332
0.0,0.0915486334106,0.0915477034363,-0.105845574905,0.0915477034363,0.0915486334106,-0.105844310303,0.0915486334106,-0.105844310303,0.0915486334106,-0.105844310303,0.288949361688,-0.105844310303,0.0915486334106,0.0915477034363
0.0,-0.141792100429,0.0556012025158,0.0556012025158,-0.141792100429,0.0556012025158,0.0556012025158,-0.141792100429,-0.141792100429,0.0556012025158,-0.141792100429,0.0556012025158,0.0556113593249,0.0556012025158,-0.141792100429
0.0,-0.142953370781,0.0544500876801,0.0544495340627,-0.142953370781,0.0544500876801,0.054439376678,-0.142941522857,0.0544500876801,-0.142953370781,-0.142951665471,0.251844653257,-0.142953370781,0.0544500876801,0.0544495340627
0.0,-0.139725172677,0.0576590895817,0.0576698314793,-0.139737026003,0.0576692451591,-0.139725172677,0.0576590895817,0.0576698314793,-0.139737026003,-0.139723505623,0.255061530399,-0.139725172677,0.0576590895817,0.0576698314793
0.0,-0.140376918184,0.0570175251326,0.0570175251326,-0.140376918184,0.0570175251326,0.0570276811477,-0.140376918184,0.0570175251326,-0.140376918184,-0.14037859299,0.254416946548,-0.140376918184,0.0570175251326,0.0570175251326
0.0,-0.141380748692,0.0560187613318,0.0560187613318,-0.141380748692,0.0560193308907,-0.141380748692,0.0560187613318,-0.141380748692,0.0560187613318,0.0560193308907,0.0560086047781,-0.141368898156,0.0560086047781,-0.141368898156
0.0,-0.139325678615,0.0580664840406,0.0580670743934,-0.139325678615,0.0580670743934,0.0580670743934,-0.139337532555,-0.139325678615,0.0580670743934,0.0580670743934,0.0580664840406,-0.139325678615,0.0580670743934,-0.139325678615
0.0,-0.140498790312,0.0568849175085,0.0568950735737,-0.140498790312,0.0568950735737,-0.140510642341,0.0568950735737,0.0568950735737,-0.140498790312,-0.140510642341,0.0568950735737,0.0568950735737,0.0568950735737,-0.140510642341
0.0,-0.140727329862,0.0566609050224,0.0566609050224,-0.14072900882,0.0566603289506,-0.14072900882,0.0566609050224,0.0566609050224,-0.140727329862,-0.14072900882,0.0566609050224,0.0566603289506,0.0566710612427,-0.140740860506
0.0,-0.138032370621,0.0593710932974,0.0593609387101,-0.138034017638,0.0593710932974,-0.138032370621,0.0593609387101,0.0593710932974,-0.138034017638,0.0593609387101,0.0593710932974,-0.138032370621,0.0593609387101,-0.138034017638
0.0,-0.142325338952,0.0550611957149,0.0550611957149,-0.142323641074,0.0550611957149,0.0550713528212,-0.14233718797,-0.142323641074,0.0550611957149,0.0550611957149,0.0550713528212,-0.14233718797,0.0550713528212,-0.142335489954
0.0,0.0938565829028,0.0938474084671,-0.103533642584,0.0938474084671,0.0938565829028,0.0938474084671,-0.103533642584,-0.103545548448,0.0938575362634,-0.103545548448,0.291248128419,-0.103545548448,0.0938575362634,-0.103545548448
0.0,-0.138794129386,0.0586070819063,0.0586070819063,-0.138782274502,0.0586064860702,0.0586070819063,-0.138794129386,0.0586070819063,-0.138782274502,-0.138794129386,0.255999196295,-0.138782274502,0.0586070819063,0.0586070819063
0.0,-0.137428037584,0.0599624766506,0.0599624766506,-0.137428037584,0.0599624766506,-0.137428037584,0.0599624766506,0.0599618670503,-0.137429677434,-0.137439894638,0.257360879523,-0.137429677434,0.0599618670503,0.0599624766506
0.0,-0.142179755183,0.0552242695295,0.0552141124912,-0.142178059035,0.0552242695295,0.0552141124912,-0.142179755183,0.0552237080496,-0.142179755183,-0.142179755183,0.25261110541,-0.142178059035,0.0552242695295,-0.142179755183
0.0,-0.134311503396,0.0630806367063,0.0630812779734,-0.134311503396,0.0630812779734,-0.134323365542,0.0630806367063,0.0630812779734,-0.134311503396,-0.134311503396,0.260470540901,-0.134311503396,0.0630806367063,0.0630812779734
0.0,0.0935002025712,0.0934992528269,-0.103894529687,0.0934900744054,0.0934992528269,-0.103894529687,0.0934992528269,-0.103895771079,0.0934992528269,-0.103906435087,0.290899584803,-0.103894529687,0.0934992528269,0.0934992528269
0.0,-0.137091116555,0.0603089411467,-0.137089480721,0.0603089411467,0.0602981740642,0.0603089411467,-0.137091116555,-0.137089480721,0.0603089411467,0.0603083280288,0.0602987870795,-0.137091116555,0.0603083280288,0.0603089411467
0.0,-0.138855059955,0.0585359960239,0.0585455559668,-0.138855059955,0.0585354009072,-0.138855059955,0.0585354009072,0.0585461511863,-0.138853403214,0.0585359960239,0.0585354009072,-0.138855059955,0.0585455559668,-0.138855059955
0.0,-0.138370929571,0.0590246302789,0.0590353852528,-0.138370929571,0.0590246302789,0.0590246302789,-0.138359074005,0.0590246302789,-0.138372580604,-0.138370929571,0.0590347850641,0.0590246302789,0.0590246302789,-0.138370929571
0.0,0.0929070744293,0.0929070744293,-0.104484101053,0.0929070744293,0.0929070744293,-0.10449725425,-0.104484101053,0.0929070744293,0.0929070744293,0.0929070744293,0.0929070744293,-0.104484101053,-0.104496005701,0.0929070744293
0.0,-0.138443714008,0.0589529470867,-0.138443714008,0.0589535464411,0.0589535464411,-0.138443714008,0.0589535464411,-0.138443714008,0.0589535464411,0.0589529470867,0.0589535464411,-0.138443714008,0.0589433915585,-0.138431858538
0.0,0.0931317922784,0.0931419207095,-0.10425541569,0.0931317922784,0.0931317922784,0.0931419207095,-0.104267320622,-0.104256661377,0.0931419207095,-0.104267320622,0.290536140672,-0.10425541569,0.0931317922784,0.0931419207095
0.0,-0.138865257861,0.0585359960239,0.0585252458356,-0.138866914741,0.0585354009072,0.0585258408495,-0.138865257861,0.0585258408495,-0.138855059955,0.0585252458356,0.0585252458356,-0.138855059955,0.0585258408495,-0.138865257861
0.0,-0.138430206816,0.0589637013116,0.0589637013116,-0.138431858538,0.0589637013116,0.0589637013116,-0.138431858538,0.0589631018544,-0.138431858538,0.0589637013116,0.0589637013116,-0.138431858538,0.0589637013116,-0.138430206816
0.0,0.0940822541433,0.0940914259608,0.0940822541433,-0.103304956789,0.0940923816981,-0.103316862932,0.0940923816981,-0.103316862932,0.0940923816981,-0.103304956789,0.291471699128,-0.103304956789,0.0940923816981,-0.103316862932
0.0,-0.135882443382,0.0615215634012,0.0615215634012,-0.135870583684,0.0615107847853,-0.135870583684,0.0615215634012,0.0615114101114,-0.135870583684,-0.135880821887,0.0615215634012,0.0615215634012,0.0615215634012,-0.135882443382
0.0,-0.141683759915,-0.141695609961,0.0557129267839,0.0557033364377,0.0557027700897,-0.141683759915,0.0557033364377,0.0557129267839,-0.141695609961,-0.141683759915,0.253104623784,-0.141695609961,0.0557129267839,-0.141695609961
0.0,-0.136969268271,0.0604212493248,0.0604206350644,-0.136969268271,0.0604212493248,0.0604307889821,-0.136981126111,-0.136969268271,0.0604212493248,0.0604307889821,0.0604206350644,-0.136970902686,0.0604206350644,-0.136969268271
0.0,0.0925801262108,0.0925902551652,-0.10480927278,0.0925801262108,0.0925902551652,-0.10480927278,0.0925801262108,-0.104810525062,0.0925801262108,0.0925902551652,0.0925801262108,-0.10480927278,-0.10480927278,0.0925801262108
0.0,-0.138709489329,0.0586781671958,0.0586781671958,-0.138711144378,0.0586781671958,0.0586781671958,-0.138709489329,0.0586781671958,-0.138709489329,-0.138722999497,0.25608328538,-0.138722999497,0.0586883221887,0.0586781671958
0.0,-0.135471108473,0.0619289436697,0.0619194201561,-0.135471108473,0.0619289436697,0.0619295732444,-0.135471108473,0.0619187906841,-0.135471108473,0.0619295732444,0.0619289436697,-0.135471108473,0.0619194201561,-0.135459248159
0.0,-0.13433522765,0.0630603322004,0.0630609732621,-0.13433522765,0.0630603322004,0.0630609732621,-0.13433522765,0.0630609732621,-0.13433522765,-0.13433522765,0.26045589205,-0.13433683082,0.0630603322004,0.063050820887
0.0,-0.138782274502,0.0586166410451,0.0586070819063,-0.138782274502,0.058617236984,-0.138782274502,0.058617236984,0.0586070819063,-0.138780618627,0.058617236984,0.0586070819063,-0.138782274502,0.058617236984,-0.138782274502
0.0,-0.138081442239,-0.138093298291,0.2567047124,-0.138081442239,0.0593101655893,-0.138093298291,0.059309562614,0.0593101655893,-0.138081442239,0.0593000109284,0.0593101655893,-0.138081442239,0.0593101655893,-0.138093298291
0.0,-0.13648515035,0.0609104858441,0.0609098666155,-0.136486779015,0.0609200202402,-0.13648515035,0.0609104858441,0.0609098666155,-0.136486779015,0.0609098666155,0.0609098666155,-0.136486779015,0.0609098666155,-0.136486779015
0.0,-0.13427591673,0.0631218872396,0.0631110933675,-0.13427591673,0.0631218872396,0.0631218872396,-0.134274314288,0.0631218872396,-0.13427591673,-0.134274314288,0.260508322505,-0.13427591673,0.0631212455619,-0.13427591673
0.0,-0.138469077004,0.0589224827105,0.0589230817566,-0.138467424829,0.0589230817566,-0.138479280181,0.0589230817566,0.0589326375147,-0.138480932493,-0.138467424829,0.256321489696,-0.138479280181,0.0589332366636,0.0589230817566
0.0,-0.134661918004,0.0627443299916,0.0627348152725,-0.134661918004,0.0627443299916,0.0627341775219,-0.134661918004,0.0627449678448,-0.134661918004,0.0627341775219,0.0627443299916,-0.134661918004,0.0627449678448,-0.134661918004
0.0,-0.136884628895,0.0605227889674,-0.136884628895,0.0605126350594,0.0605126350594,-0.136872770882,0.0605126350594,0.0605126350594,-0.136884628895,-0.136872770882,0.0605126350594,0.0605126350594,0.0605126350594,-0.136872770882
0.0,-0.134758417847,0.0626326521138,0.0626326521138,-0.134758417847,0.0626428047128,-0.134770279274,0.0626428047128,0.0626320154028,-0.134758417847,0.0626326521138,0.0626326521138,-0.134758417847,0.0626428047128,-0.134758417847
0.0,-0.13428617641,0.0631117349425,0.0631218872396,-0.13428617641,0.0631117349425,0.0631117349425,-0.13427591673,0.0631110933675,-0.13428777899,-0.13428777899,0.260505239391,-0.13427591673,0.0631117349425,-0.13428777899
0.0,-0.136498637713,0.0609098666155,0.0608997129783,-0.136498637713,0.0608997129783,0.0609098666155,-0.136498637713,-0.136486779015,0.0608997129783,-0.136498637713,0.258301568851,-0.136497008911,0.0609003321042,-0.13648515035
0.0,0.0945316888434,0.0945316888434,-0.102859492413,0.0945316888434,0.0945316888434,0.0945316888434,-0.10287139908,-0.102859492413,0.0945316888434,-0.102859492413,0.291922279208,-0.10286072148,0.0945316888434,-0.10287139908
0.0,-0.136112642913,0.0612867884051,0.0612874114591,-0.13611101868,0.0612766350291,-0.136112642913,0.0612867884051,0.0612874114591,-0.13611101868,-0.136112642913,0.258684787197,-0.13611101868,0.0612874114591,0.0612766350291
0.0,0.0956248903198,0.0956350163507,-0.101764918181,0.0956248903198,0.0956248903198,-0.101764918181,0.0956350163507,-0.101776826236,0.0956350163507,-0.101764918181,0.293024088881,-0.101764918181,0.0956248903198,0.0956248903198
0.0,0.096769693268,0.096769693268,-0.100621495965,0.096769693268,0.096769693268,-0.100633405352,0.096769693268,-0.100622698382,0.096769693268,-0.100621495965,0.294160277663,-0.100621495965,0.096769693268,0.096769693268
0.0,-0.134626332992,0.062764634892,0.0627652729505,-0.134624726392,0.062775425484,-0.134626332992,0.062764634892,0.0627652729505,-0.134624726392,-0.134626332992,0.26015980643,-0.134626332992,0.062764634892,-0.134626332992
0.0,-0.136522354994,0.0608794056662,0.0608794056662,-0.136522354994,0.0608794056662,0.0608692519912,-0.136510496373,0.0608692519912,-0.136510496373,0.0608692519912,0.0608800245866,-0.136520725915,0.0608800245866,-0.136522354994
0.0,0.0988244710165,0.098823467364,-0.098576455763,0.0988244710165,0.0988244710165,0.0988133445256,-0.0985657218335,-0.098576455763,0.098823467364,-0.0985776338217,0.296212559485,-0.0985645439153,0.0988244710165,0.0988133445256
0.0,0.0948890173718,0.0948890173718,-0.102510511516,0.0948890173718,0.0948899811924,0.0948890173718,-0.102510511516,-0.102510511516,0.0948899811924,-0.102510511516,0.292285726903,-0.102510511516,0.0948890173718,-0.102510511516
0.0,0.0937138415045,0.0937138415045,-0.103690894392,0.0937138415045,0.0937138415045,0.0937147934225,-0.103689655443,-0.103677749792,0.0937147934225,0.0937138415045,0.0937037136415,-0.103678988601,0.0937138415045,-0.103689655443
0.0,-0.133393947433,0.0639981885429,0.0640083402118,-0.133405811077,0.0640083402118,-0.133393947433,0.0639988391268,0.0639981885429,-0.133393947433,-0.133393947433,0.261396571705,-0.133393947433,0.0639981885429,-0.133393947433
0.0,-0.135616665889,0.0617861725848,0.0617868007091,-0.13560480576,0.0617861725848,-0.135616665889,0.0617861725848,0.0617868007091,-0.135616665889,-0.135603187555,0.259181337962,-0.135616665889,0.0617861725848,-0.13560480576
0.0,0.0975055690377,0.0975055690377,-0.099887806814,0.097515693242,0.0975055690377,-0.099887806814,0.0975055690377,-0.099887806814,0.0975055690377,-0.0998890004945,0.294910093385,-0.099887806814,0.0975055690377,0.0975055690377
0.0,0.0917632227327,0.0917724202421,-0.105627528002,0.0917632227327,0.0917632227327,0.0917724202421,-0.105640693373,-0.105627528002,0.0917733524925,0.0917622905839,0.0917632227327,-0.105627528002,-0.105627528002,0.0917632227327
0.0,0.0960338176585,0.0960338176585,-0.101367090818,0.0960338176585,0.0960338176585,0.0960338176585,-0.10136830211,-0.101355182342,0.0960338176585,0.0960338176585,0.0960338176585,-0.10136830211,0.0960338176585,-0.101367090818
0.0,0.0930093048244,0.0930093048244,-0.104387615539,0.0930093048244,0.0930093048244,-0.104387615539,0.0930093048244,-0.104388862797,0.0930093048244,-0.104375710764,0.0930093048244,0.0930093048244,-0.104387615539,0.0930093048244
0.0,-0.136654427907,0.06074678934,0.0607474069125,-0.136642569573,0.06074678934,0.0607474069125,-0.136654427907,0.0607474069125,-0.136642569573,-0.136654427907,0.0607474069125,0.06074678934,0.06074678934,-0.136656058581
0.0,-0.133283991505,0.0641206595127,0.0641105078866,-0.133273718315,0.0641105078866,0.0641206595127,-0.133283991505,0.0641105078866,-0.133273718315,-0.133285582199,0.0641206595127,0.0641105078866,0.0641200076972,-0.133285582199
0.0,0.0959417114492,0.095951837174,-0.101451661615,0.0959417114492,0.0959426859311,0.095951837174,-0.101451661615,-0.101451661615,0.0959417114492,0.0959417114492,0.095951837174,-0.101452873919,-0.101451661615,0.0959417114492
0.0,-0.135471108473,0.0619289436697,0.0619295732444,-0.135471108473,0.0619289436697,0.0619295732444,-0.135459248159,0.0619289436697,-0.135471108473,-0.135471108473,0.259329383237,-0.135471108473,0.0619295732444,-0.135471108473
0.0,-0.134612864784,0.062775425484,0.062775425484,-0.134612864784,0.0627855780044,0.0627747873227,-0.134614471246,-0.134624726392,0.0627855780044,-0.134624726392,0.260186020035,-0.134624726392,0.0627855780044,-0.134624726392
0.0,-0.133610676295,0.063784352033,0.0637742001766,-0.133610676295,0.063784352033,0.063784352033,-0.133622539536,0.063784352033,-0.133610676295,0.063784352033,0.0637742001766,-0.133612270872,0.0637837036308,-0.133612270872
0.0,0.0928554876756,0.0928564308985,-0.104531719467,0.0928564308985,0.0928554876756,-0.104544873106,-0.104532968437,0.0928554876756,0.0928564308985,0.0928554876756,0.0928564308985,-0.104544873106,-0.104531719467,0.0928564308985
0.0,0.0940104057932,0.0940205333818,-0.103389534529,0.0940205333818,0.0940104057932,-0.103377628422,0.0940104057932,-0.103376393206,0.0940104057932,0.0940214884076,0.0940104057932,-0.103376393206,-0.103389534529,0.0940205333818
0.0,-0.134890501161,0.0625000317744,0.0625101844387,-0.134892110914,0.0625000317744,0.0625101844387,-0.134890501161,-0.134892110914,0.0625000317744,0.0625101844387,0.0625000317744,-0.134890501161,0.0625101844387,0.0625000317744
0.0,-0.132234341934,0.0651708428066,0.0651701803283,-0.132234341934,0.0651708428066,-0.132234341934,0.0651708428066,0.0651600294606,-0.132222476438,0.0651606918363,0.0651701803283,-0.132234341934,0.0651708428066,-0.132234341934
0.0,-0.133175627021,0.064212676304,0.064212676304,-0.133187490931,0.064212676304,-0.133175627021,0.064212676304,0.0642120235516,-0.133177216434,0.0642120235516,0.064212676304,-0.133177216434,0.0642120235516,-0.133189080481
0.0,-0.135882443382,0.0615215634012,0.0615215634012,-0.135882443382,0.0615215634012,-0.135868962327,0.0615114101114,0.0615215634012,-0.135882443382,-0.135868962327,0.258911452346,-0.135868962327,0.0615215634012,0.0615114101114
0.0,0.0942867169557,0.0942867169557,-0.10310008397,0.0942867169557,0.0942857592483,0.0942867169557,-0.10310008397,-0.103113222403,0.0942958865172,0.0942867169557,0.0942867169557,-0.103111990332,-0.10310008397,0.0942867169557
0.0,0.0985268948012,0.0985278954501,-0.098865876057,0.0985177722263,0.0985268948012,-0.098865876057,-0.098865876057,0.0985268948012,0.0985278954501,0.0985278954501,0.0985278954501,-0.0988766059963,-0.098865876057,0.0985278954501
0.0,-0.135447387807,0.0619390966425,0.0619498793826,-0.135447387807,0.0619492496025,0.0619397263199,-0.135447387807,0.0619492496025,-0.135447387807,0.0619397263199,0.0619492496025,-0.135447387807,0.0619397263199,-0.135445771474
0.0,0.0965237477629,0.0965247281334,-0.100873997831,0.0965247281334,0.0965237477629,0.0965247281334,-0.100873997831,-0.100875203253,0.0965237477629,0.0965247281334,0.0965237477629,-0.100875203253,0.0965237477629,-0.100875203253
0.0,0.095390048369,0.0954001746487,-0.102005511481,0.095390048369,0.095390048369,0.095390048369,-0.101993603697,-0.102005511481,0.0953890794911,-0.102005511481,0.0954001746487,0.095390048369,-0.102005511481,0.095390048369
0.0,0.0941227642466,0.0941227642466,-0.103281144414,0.0941227642466,0.0941227642466,0.0941227642466,-0.103281144414,-0.103268004259,0.0941135927098,0.0941227642466,0.0941227642466,-0.103281144414,-0.103268004259,0.0941227642466
0.0,0.0962686581022,0.0962686581022,-0.101126498942,0.0962696358938,0.0962686581022,-0.101126498942,0.0962696358938,-0.101126498942,0.0962686581022,0.0962686581022,0.0962696358938,-0.101126498942,-0.101126498942,0.0962696358938
0.0,0.0944395847283,0.0944395847283,-0.102955975122,0.0944395847283,0.0944497119093,0.0944395847283,-0.102955975122,-0.102955975122,0.0944395847283,0.0944395847283,0.0944395847283,-0.102955975122,-0.102944068519,0.0944395847283
0.0,-0.131279614537,0.0661188563756,0.0661087060495,-0.131269314389,0.0661080340517,-0.13128118145,0.0661188563756,0.0661181842752,-0.13128118145,-0.13128118145,0.263504633151,-0.131279614537,0.0661188563756,-0.13128118145
0.0,0.0966573359725,0.0966674610217,-0.100729883097,0.0966573359725,0.0966573359725,0.0966674610217,-0.100729883097,-0.100741792366,0.0966674610217,0.0966573359725,0.0966674610217,-0.100741792366,-0.100729883097,0.0966573359725
0.0,-0.13573688483,0.0616637081246,0.0616643350038,-0.13573688483,0.0616541817893,0.0616643350038,-0.13573688483,0.0616643350038,-0.13573688483,0.0616643350038,0.0616643350038,-0.13573688483,0.0616637081246,-0.13573688483
0.0,0.0959012083523,0.0959002342964,-0.101488599409,0.0959012083523,0.0959002342964,0.0959012083523,-0.101500507848,-0.101487386685,0.0959012083523,0.0959012083523,0.0959002342964,-0.101488599409,-0.101499294983,0.0959012083523
0.0,0.0949001080246,0.0949092708134,-0.102498604393,0.0949102348373,0.0948991441024,0.0949092708134,-0.102498604393,-0.10248669724,0.0949001080246,-0.10248669724,0.0948991441024,0.0949001080246,-0.10248669724,0.0948991441024
0.0,0.0963911405692,0.0963911405692,-0.101007409934,0.0963911405692,0.0963911405692,-0.101007409934,0.0963911405692,-0.101007409934,0.0963911405692,0.0963911405692,0.0963921195995,-0.10099429402,0.0963911405692,-0.101007409934
0.0,0.095809102089,0.095809102089,-0.101595774319,0.095809102089,0.095809102089,-0.101583866112,0.0957989761896,-0.101585079987,0.0958081289671,-0.101596988336,0.095809102089,0.0958081289671,-0.101585079987,0.095809102089
0.0,0.0945114345697,0.0945206016322,-0.102884535066,0.0945215617163,0.0945104745873,0.0945215617163,-0.102883305718,-0.102884535066,0.0945215617163,-0.102883305718,0.0945215617163,0.0945114345697,-0.102883305718,0.0945215617163
0.0,0.0987212354484,0.0987222380659,-0.0986729287168,0.0987222380659,0.0987212354484,-0.0986729287168,0.0987121150245,-0.0986729287168,0.0987222380659,0.0987212354484,0.0987222380659,-0.0986729287168,0.0987222380659,-0.0986729287168
0.0,0.10176898576,0.10176898576,-0.0956297839028,0.10176898576,0.101767952305,-0.0956297839028,0.10176898576,-0.0956178686551,0.10176898576,-0.0956297839028,0.299169534351,-0.0956297839028,0.10176898576,0.101767952305
0.0,0.094705770913,0.0946946820628,-0.102691568923,0.0947048089606,0.0946956439135,-0.102691568923,0.0946946820628,-0.102691568923,0.0947048089606,0.0946956439135,0.0947048089606,-0.102691568923,-0.102691568923,0.0946946820628
0.0,0.096973173022,0.0969741579402,-0.100429741738,0.0969741579402,0.0969741579402,-0.100428541625,0.0969741579402,-0.100417832005,0.096963048367,0.0969741579402,0.0969741579402,-0.100417832005,-0.100428541625,0.0969741579402
0.0,0.0947969130316,0.0947867862076,-0.102595086455,0.0947978759181,0.0947969130316,-0.102606993485,-0.102595086455,0.0947877489924,0.0947969130316,0.0947969130316,0.0947978759181,-0.102606993485,-0.102595086455,0.0947867862076
0.0,-0.130289294939,0.0670979978537,0.0671074654192,-0.130302718635,0.0671074654192,0.067097315811,-0.130290850095,-0.130290850095,0.067097315811,-0.130290850095,0.26449776997,-0.130290850095,0.067097315811,-0.130290850095
0.0,0.100234472257,0.100234472257,-0.09715789053,0.100235490194,0.100234472257,-0.09715789053,-0.09715672939,0.100235490194,0.100234472257,0.10024561171,0.100234472257,-0.09715789053,-0.0971686428114,0.10024561171
0.0,0.0963496607236,0.0963405139679,-0.101055045882,0.0963506393278,0.0963405139679,0.0963506393278,-0.101055045882,-0.101041929522,0.0963405139679,0.0963506393278,0.0963405139679,-0.101043136938,-0.101055045882,0.0963506393278
0.0,0.0991827901135,0.0991919053399,-0.0982155667765,0.0991817828285,0.0991919053399,-0.0982155667765,0.0991827901135,-0.0982036545099,0.0991817828285,0.0991817828285,0.0991919053399,-0.0982167405357,-0.0982036545099,0.0991817828285
0.0,-0.131039140848,0.0663631346788,-0.131039140848,0.0663631346788,0.0663638092683,0.0663631346788,-0.131039140848,-0.131039140848,0.0663631346788,-0.131039140848,0.263754476858,-0.131027273459,0.0663631346788,0.0663529845782
0.0,0.097413460913,0.0974235851962,-0.0999842831047,0.0974235851962,0.097413460913,0.0974235851962,-0.0999842831047,-0.099972372878,0.097413460913,0.0974235851962,0.097413460913,-0.0999842831047,0.0974235851962,-0.0999842831047
0.0,0.0997435551429,0.0997445681093,-0.0976390787257,0.0997435551429,0.0997445681093,0.0997445681093,-0.0976379118519,-0.0976509917406,0.0997445681093,0.0997435551429,0.0997445681093,-0.0976379118519,0.0997445681093,-0.0976509917406
0.0,0.0968415509521,0.0968506921666,-0.100550039042,0.0968415509521,0.0968405673739,0.0968516758463,-0.1005619486,-0.100548837496,0.0968516758463,0.0968405673739,0.0968415509521,-0.100550039042,-0.100548837496,0.0968415509521
0.0,0.0974751963045,0.0974751963045,-0.0999235375849,0.0974751963045,0.0974640821285,0.0974751963045,-0.0999235375849,-0.0999247316867,0.0974742063114,0.0974751963045,0.0974742063114,-0.0999247316867,0.0974742063114,-0.0999247316867
0.0,0.100040129515,0.100041145485,-0.0973496676177,0.100040129515,0.100041145485,-0.0973615808773,0.100051267189,-0.0973615808773,0.100040129515,0.100041145485,0.100040129515,-0.0973508310624,-0.0973496676177,0.100040129515
0.0,0.370772158267,0.75127462236,0.948665563984,1.29169292618,0.948665563984,1.13178501403,1.13178501403,1.13178019655,1.29168574757,1.13178019655,1.29169580988,1.13178501403,0.751267678896,0.75127462236
0.0,0.548787416325,1.35857654879,1.73907065253,1.54168124939,1.93648084006,1.93647394181,2.11957407348,2.27950547963,2.76944450664,2.27949753267,2.52447505975,2.92937287558,2.27949071997,2.27950547963
0.0,0.201595855515,0.789613262095,0.98699473906,1.36750819195,1.77239218231,2.01738018646,2.36040116054,2.55779667292,2.75518703331,2.93830223051,2.93830451874,3.09821223341,3.58817199255,3.09821223341
0.0,-0.401502406716,-0.401512041688,-0.401502406716,-0.401506497447,-0.401512041688,-0.156526152339,0.0884499041609,0.4314856422,0.826257086124,1.16929392008,1.65924623096,1.81916437881,2.39705341292,2.19967488234
0.0,-0.407195353295,-0.40720911042,-0.652169540807,-0.40720911042,-1.05706401525,-1.05706958508,-0.897150661852,-1.05707945604,-1.24018063561,-1.24018063561,-1.24018063561,-1.24018063561,-1.24018063561,-1.05706401525
0.0,0.414062924441,0.611449659699,0.611466332359,0.41405361155,0.414062924441,0.0335547227798,0.0335551030195,0.0335547227798,-0.126353114509,-0.616317935765,-0.61631188526,-0.776229696557,-0.959339795616,-0.776229696557
0.0,0.398069030895,0.557984199919,0.557984199919,0.557984199919,0.74109136887,0.938489372426,1.31898937312,1.31900317344,1.31898937312,1.13588299482,0.938489372426,0.938487178646,0.74109136887,0.557984199919
0.0,-0.25822596169,-0.25822596169,-0.0983115129223,-0.0983115129223,0.146670011276,0.146670011276,0.551555486173,0.551561425351,0.734668388251,0.932064091165,1.12946801717,1.31257325938,1.47248481387,1.71745724107
0.0,-0.649553431775,-0.40457160314,-0.809467395409,-0.992587501774,-0.992570935667,-1.18997259792,-0.992577477675,-0.992580959824,-0.992577477675,-0.809467395409,-0.649553431775,-0.40457160314,-0.159593771739,0.183425115832
0.0,-0.036444622393,-0.219565137372,-0.219565137372,-0.624441244934,-0.624456306509,-0.869430660647,-0.869431903144,-1.02933691973,-1.21245715717,-1.21245715717,-1.40985365484,-1.40984524396,-1.60725291119,-1.60724094919
0.0,0.438228176618,0.635619390364,0.635633615388,0.63562542957,0.833026357093,0.63562542957,0.438228176618,0.255119450187,0.255119450187,-0.394746834289,0.0952087392641,-0.554675533646,-0.737769969702,-0.737769969702
0.0,0.0447844698239,0.289768127114,0.534739619946,0.694664267156,0.877762302686,0.877762302686,0.877779158624,1.27255437095,1.45567331858,1.07516629051,1.45566075769,1.27256581260,1.45566205974,1.07516629051
0.0,-0.417862149025,-0.234755442119,-0.234758078466,-0.234744419088,-0.234758078466,0.170140148261,0.170140148261,0.415112399041,0.575029138373,0.758149039817,0.955527677875,1.15293417777,1.33604088468,1.15293417777
0.0,-0.47492485121,-0.22993907441,-0.634841844574,-0.63483512302,-0.81795668877,-0.634825997272,-0.81795668877,-1.01533805752,-0.634841844574,-0.63483512302,-0.47492485121,-0.229941533568,0.174945982912,0.174945982912
0.0,0.173358425753,0.173347261664,0.173358425753,0.0134405573506,0.0134405573506,-0.476516628218,-0.47652112826,-0.476511826952,-0.819540568639,-0.81953999079,-0.819540568639,-1.21433586541,-1.01692747673,-1.01694147897
0.0,0.33843095765,0.681450256041,0.681450256041,0.878842717015,0.681450256041,0.681450256041,0.681450256041,0.498349906934,0.338427482403,-0.15153118703,0.0934438824464,-0.311446074957,-0.494551026074,-0.691947119309
0.0,0.207752299402,0.697710860083,0.697709563686,0.857621502244,1.04074186209,1.23812768659,1.23813397943,1.23812768659,1.23812436457,1.23813730137,0.857621502244,0.857630074008,0.857621502244,0.207752299402
0.0,0.118706472882,0.118707815146,0.118695218731,0.52359859473,0.768573557586,0.52359859473,1.11160255443,1.11159182445,1.3089954417,1.30899807454,1.50638913909,1.50638913909,1.50638913909,1.68950279968
0.0,-0.499590278976,-0.302198651658,-0.49959920818,-0.302190786535,-0.302198651658,-0.119083228615,0.0408242055268,0.285804842508,0.530779384566,0.690695302577,0.690704038805,1.07119711862,1.26860554026,1.45170184456
0.0,-0.401642990904,-0.584742474467,-0.782146890884,-0.782146890884,-0.584752455638,-0.97953691403,-0.782146890884,-0.584752455638,-0.40163255885,-0.401642990904,-0.241726555383,0.248233317841,0.248233317841,0.591242802689
0.0,-0.208716533618,-0.613609004912,-0.453695313215,-0.796731784535,-0.796714857496,-0.994113206584,-0.994121733999,-1.19151247285,-1.19151247285,-0.994113206584,-0.796714857496,-0.994118753061,-0.796723416872,-0.613609004912
0.0,0.00517094194707,-0.239802501072,-0.239805063737,-0.484775314039,-0.484775314039,-0.827815944334,-0.827807129014,-1.02519717086,-1.02520586654,-1.02519717086,-1.22259903723,-1.22259903723,-1.40570541127,-1.22259495298
0.0,0.102488131242,0.10249854375,0.262399116573,0.10249854375,-0.387467042528,-0.142482990249,-0.387467042528,-0.54737436158,-0.547378140817,-0.730489354915,-1.12527530266,-1.12528094606,-1.12527530266,-1.46830819555
0.0,0.446261142532,0.286351524172,0.446261142532,0.446261142532,0.446261142532,0.286351524172,0.0413789136427,0.0413685795519,0.041368133331,-0.363521004646,-0.546631467549,-0.546625245418,-0.744026287876,-1.12453518426
0.0,0.121041404176,0.366011229777,0.525936155045,0.366011229777,0.525936155045,0.525926352835,0.525926352835,0.366021003882,0.366021003882,0.121030693536,-0.123938229447,-0.123936935456,-0.283857579108,-0.861750693445
0.0,-0.0878092613007,0.402149777645,0.157171779128,0.402149777645,0.402140145265,0.56206294287,0.56206294287,0.56206294287,0.56206294287,0.56206294287,0.402140145265,0.402153874604,-0.0878083433502,-0.0878092613007
0.0,0.175869749332,-0.0691089137952,0.17586786155,0.175880372502,0.420848412459,0.420848412459,0.420848412459,0.420844136171,0.763880997106,0.580759907001,0.580763164207,0.580763164207,0.580769382741,0.580753688518
0.0,-0.150662150197,-0.150662150197,0.0943113384949,-0.310575152069,0.0943113384949,0.339298420795,0.0943113384949,0.339294936968,0.499196567728,0.339298420795,0.499196567728,0.682327006173,0.682317716139,0.682310167981
0.0,-0.356774241296,0.0481183777118,-0.35676757943,0.0481183777118,-0.196863875404,0.0481188966927,0.0481183777118,-0.196853610115,0.29310105822,0.453008202685,0.29310105822,0.453008202685,0.636122759037,0.833509529366
0.0,0.0397915303899,-0.365110219396,0.0397919596135,-0.205196418205,-0.205184037606,0.0397919596135,-0.205196418205,-0.205184037606,0.284761311931,0.0397915303899,0.284768417223,0.284768417223,0.627788625894,0.627788625894
0.0,0.036768530492,-0.208222393391,0.036768133867,0.036757748157,-0.208212152049,-0.208212152049,-0.208222393391,-0.208212152049,0.036768530492,0.036757748157,0.036768530492,0.28173746987,0.281747524566,0.624762102033
0.0,-0.237052617517,0.00791964365452,0.0079304329077,0.00791964365452,-0.237050159365,0.00791964365452,-0.237052617517,-0.396965484189,-0.237060334026,0.0079304329077,0.00791964365452,-0.237052617517,0.252899530861,0.252902149955
0.0,-0.242470404826,0.247489479262,-0.242470404826,0.00250317769833,0.00251399433685,-0.242470404826,0.00250317769833,-0.242472918093,-0.242470404826,-0.242460243584,0.00250320470675,-0.242470404826,0.00251396721202,0.00250320470675
0.0,0.0249805018759,0.024991288098,0.0249805018759,0.024991288098,0.0249805018759,0.024991288098,-0.219997320671,-0.219995036397,0.024991288098,-0.219995036397,-0.219995036397,-0.219984821234,-0.219995036397,0.0249805018759
0.0,-0.242526237827,0.0024600196378,0.247423459816,-0.242526237827,0.0024600196378,0.00244925654758,0.0024600196378,0.00244923012123,-0.242526237827,0.0024600196378,-0.242526237827,-0.242523724025,-0.242526237827,-0.40243026928
0.0,-0.245867211031,-0.000895544694288,-0.000895535031741,-0.000895535031741,0.244087574254,-0.245879911429,-0.000895535031741,-0.000895535031741,-0.00088474545871,-0.245879911429,-0.245869758787,-0.000895535031741,-0.245869758787,-0.405796626039
0.0,0.292544619131,-0.19740787684,0.0475677070078,0.047556929606,0.0475677070078,0.292544619131,-0.19740787684,0.0475677070078,0.0475677070078,0.047556929606,-0.19740787684,0.0475677070078,-0.197418140952,-0.357323406889
0.0,-0.245978929362,-0.000992641179334,0.243980943236,-0.245976380485,-0.00100343075017,0.243980943236,-0.245976380485,-0.000992651889625,-0.00100343075017,-0.000992641179334,-0.245976380485,-0.00100343075017,-0.245978929362,-0.245976380485
0.0,-0.243399567419,0.00158606716229,0.246560293554,-0.243397044745,0.00157527760767,0.246560293554,-0.243389408445,0.00157527760767,0.00158606716229,-0.243399567419,0.246560293554,-0.403314284573,0.00158606716229,0.00158608427544
0.0,-0.24375499359,0.00121922211442,0.00121922211442,0.00123001167982,0.246194722645,-0.24375499359,0.00123001167982,0.00121922211442,0.00121922211442,0.00121922211442,-0.24375499359,0.00121922211442,0.00123002495126,-0.243752467311
0.0,0.0296541968306,0.0296649816944,0.0296541968306,0.0296541968306,0.0296649816944,0.0296541968306,-0.215319673385,0.0296541968306,0.0296649816944,0.0296541968306,0.0296541968306,-0.215321909861,0.0296646616712,0.0296541968306
0.0,0.00547032231808,-0.239497492295,0.00547038134066,0.00548111169257,0.00547032231808,0.00548117083156,0.00547032231808,0.00548117083156,0.00547032231808,-0.239497492295,0.00547038134066,0.00548111169257,0.00547038134066,-0.239505177885
0.0,0.0118471732639,-0.233132698984,0.0118473010876,0.256817041684,-0.233132698984,0.0118473010876,0.0118471732639,-0.233132698984,0.256829824706,-0.233132698984,0.0118471732639,0.0118473010876,0.0118471732639,0.0118365122041
0.0,-0.25395067542,-0.00897707816483,-0.00897698130798,-0.25396080715,0.236006673611,-0.25395067542,0.235996496301,-0.25395067542,-0.00897698130798,-0.00897707816483,-0.00897707816483,-0.25395067542,-0.00897707816483,-0.00897707816483
0.0,0.288007868501,-0.2019590573,0.0430206556555,0.0430309711338,-0.2019590573,0.288007868501,-0.201956957654,0.0430314352777,0.0430206556555,0.0430314352777,-0.201956957654,0.0430314352777,0.0430206556555,0.0430314352777
0.0,0.041314231628,0.041314231628,0.0413034512586,-0.203669111449,0.286295405096,-0.203666994268,0.041314231628,0.041314231628,0.0413034512586,-0.203658860256,0.286285363711,-0.203666994268,0.041314231628,0.041314231628
0.0,0.0212247290708,-0.223750801776,0.0212139419024,0.0212247290708,0.0212247290708,0.0212247290708,0.0212247290708,-0.223750801776,0.0212247290708,0.266201555924,-0.223761008246,0.0212247290708,-0.223750801776,0.266201555924
0.0,0.0470057465064,0.0470062534954,0.0470057465064,-0.197964197665,0.291985162903,-0.197974460695,0.0470057465064,0.0470062534954,0.0470057465064,0.0470062534954,-0.197974460695,0.0470165241212,0.0470062534954,0.0470057465064
0.0,-0.246570444427,-0.00158608427544,-0.00159685671654,-0.00158606716229,-0.246570444427,-0.00159685671654,-0.00158608427544,-0.00159685671654,-0.00158606716229,-0.246570444427,0.243386885868,-0.246572999339,-0.00159685671654,-0.00158606716229
0.0,-0.21134701619,0.0336376759959,0.278613103462,-0.211336781676,0.0336265296974,0.0336376759959,0.0336373131296,-0.211349212033,0.0336373131296,0.0336376759959,0.0336373131296,0.0336268924476,0.0336373131296,0.0336376759959
0.0,0.0499443867012,0.0499443867012,0.0499438480495,0.0499443867012,-0.195028634771,0.0499438480495,0.0499443867012,0.0499443867012,0.0499438480495,0.0499443867012,-0.195038903773,0.0499443867012,0.294925775667,-0.195038903773
0.0,-0.238009789836,0.00697018243973,0.00695931794415,-0.238009789836,0.251950075087,-0.238019962181,0.00697010723519,0.00697010723519,0.00697018243973,0.00695931794415,-0.238009789836,0.00697010723519,0.00697018243973,0.00695931794415
0.0,-0.23768734253,0.00728299595923,0.00729386389714,-0.23768734253,0.252262312238,-0.23768734253,0.00728299595923,0.00729386389714,0.00729378520049,0.00728307453947,0.00729378520049,-0.237697515698,0.00729386389714,0.252272448327
0.0,0.0347386805567,-0.210244554907,0.0347386805567,0.0347386805567,0.0347386805567,0.0347386805567,-0.210246739467,0.0347386805567,0.0347386805567,0.0347386805567,0.0347386805567,0.0347386805567,0.0347386805567,0.0347386805567
0.0,-0.235821423888,0.00916049388228,0.00916049388228,0.00916049388228,-0.235823869523,0.00916049388228,0.00914970473937,0.00916049388228,0.00916049388228,0.00916049388228,-0.235823869523,0.00916049388228,0.00914970473937,0.254143564696
0.0,-0.235283194334,0.00970005291366,0.00969994825619,-0.23527545541,0.00970005291366,0.00968915922299,0.00969994825619,0.00970005291366,0.00969994825619,0.00970005291366,-0.235285634491,0.254684335543,-0.235283194334,0.254676842849
